City_ID,City,Country,Lat,Lng,Max Temp,Humidity,Cloudiness,Wind Speed,Current Description
0,Albany,US,42.6001,-73.9662,56.34,39,99,3.69,overcast clouds
1,Vaini,TO,-21.2,-175.2,80.76,78,40,11.5,scattered clouds
2,Ilulissat,GL,69.2167,-51.1,19.42,86,47,1.14,scattered clouds
3,New Norfolk,AU,-42.7826,147.0587,63.9,65,98,4.0,overcast clouds
4,Hilo,US,19.7297,-155.09,84.25,74,75,9.22,broken clouds
5,Umm Lajj,SA,25.0213,37.2685,79.16,63,73,1.43,broken clouds
6,Nikolskoye,RU,59.7035,30.7861,37.29,60,3,14.72,clear sky
7,Cape Town,ZA,-33.9258,18.4232,59.41,62,0,19.57,clear sky
8,Puerto Ayora,EC,-0.7393,-90.3518,65.55,98,98,5.99,light rain
9,Mount Gambier,AU,-37.8333,140.7667,50.34,94,100,8.48,light rain
10,Busselton,AU,-33.65,115.3333,53.29,73,82,9.84,broken clouds
11,Pochutla,MX,15.7432,-96.4661,86.83,72,36,5.79,scattered clouds
12,Minsk,BY,53.9,27.5667,44.35,75,71,13.38,broken clouds
13,Rikitea,PF,-23.1203,-134.9692,72.68,76,100,3.98,light rain
14,Katsuura,JP,35.1333,140.3,58.42,67,2,10.45,clear sky
15,Yar-Sale,RU,66.8333,70.8333,29.97,93,100,16.49,overcast clouds
16,Barrow,US,71.2906,-156.7887,21.22,86,100,11.5,light snow
17,Tete,MZ,-16.1564,33.5867,82.85,50,0,4.59,clear sky
18,Robat Karim,IR,35.4846,51.0829,67.12,54,88,9.22,overcast clouds
19,Hermanus,ZA,-34.4187,19.2345,57.79,55,100,13.62,overcast clouds
20,Nanortalik,GL,60.1432,-45.2371,25.65,69,99,9.62,overcast clouds
21,Oussouye,SN,12.485,-16.5469,80.33,79,3,5.21,clear sky
22,Alice Springs,AU,-23.7,133.8833,78.35,41,100,11.5,overcast clouds
23,Longyearbyen,SJ,78.2186,15.6401,30.04,74,75,3.44,light snow
24,Castro,BR,-24.7911,-50.0119,68.86,84,100,9.93,overcast clouds
25,Ushuaia,AR,-54.8,-68.3,42.46,75,40,36.82,scattered clouds
26,Mount Isa,AU,-20.7333,139.5,87.57,37,2,13.8,clear sky
27,Quimperle,FR,47.8667,-3.55,61.75,88,75,8.05,broken clouds
28,Atuona,PF,-9.8,-139.0333,77.36,74,6,17.27,clear sky
29,Dutlwe,BW,-23.9833,23.9,77.11,37,100,11.14,overcast clouds
30,Lagoa,PT,39.05,-27.9833,61.95,55,100,13.71,overcast clouds
31,Saskylakh,RU,71.9167,114.0833,4.14,97,99,4.99,overcast clouds
32,Butaritari,KI,3.0707,172.7902,79.25,70,77,7.76,broken clouds
33,Cabo San Lucas,MX,22.8909,-109.9124,86.61,57,20,10.36,few clouds
34,Chokurdakh,RU,70.6333,147.9167,-15.97,100,95,3.69,overcast clouds
35,High Level,CA,58.5169,-117.136,35.71,100,75,9.22,broken clouds
36,Jamestown,US,42.097,-79.2353,58.64,48,0,6.91,clear sky
37,Punta Arenas,CL,-53.15,-70.9167,48.31,57,0,19.57,clear sky
38,Milkovo,RU,54.7167,158.6167,29.17,56,19,5.95,few clouds
39,Atar,MR,20.5169,-13.0499,81.32,13,100,6.51,overcast clouds
40,Flinders,AU,-34.5833,150.8552,70.38,65,27,14.0,scattered clouds
41,Mahebourg,MU,-20.4081,57.7,72.25,83,40,5.75,scattered clouds
42,Mhlume,SZ,-26.0333,31.85,72.75,73,86,2.1,overcast clouds
43,Mataura,NZ,-46.1927,168.8643,64.47,49,17,1.86,few clouds
44,Aswan,EG,24.0934,32.907,72.37,41,69,11.14,broken clouds
45,Dandong,CN,40.1292,124.3947,50.27,86,94,4.36,overcast clouds
46,Bandarbeyla,SO,9.4942,50.8122,77.9,82,28,9.8,scattered clouds
47,Dikson,RU,73.5069,80.5464,26.15,96,100,25.86,snow
48,Honiara,SB,-9.4333,159.95,84.25,70,6,1.61,clear sky
49,Lata,PT,40.1629,-8.3327,63.81,76,100,3.74,overcast clouds
50,Port Alfred,ZA,-33.5906,26.891,59.18,96,99,4.0,overcast clouds
51,Arraial Do Cabo,BR,-22.9661,-42.0278,80.46,74,75,13.8,broken clouds
52,Avarua,CK,-21.2078,-159.775,75.25,88,75,23.02,light rain
53,Olafsvik,IS,64.8945,-23.7142,39.81,89,100,12.17,overcast clouds
54,Cherskiy,RU,68.75,161.3,-3.21,99,100,6.91,overcast clouds
55,Tuktoyaktuk,CA,69.4541,-133.0374,6.66,87,5,8.63,clear sky
56,Matagami,CA,49.7502,-77.6328,51.91,58,0,6.91,clear sky
57,Korla,CN,41.7597,86.1469,45.32,41,100,3.53,overcast clouds
58,Mar Del Plata,AR,-38.0023,-57.5575,56.08,68,20,14.0,few clouds
59,East London,ZA,-33.0153,27.9116,63.66,80,99,18.48,light rain
60,Naze,JP,28.3667,129.4833,70.72,80,100,23.98,overcast clouds
61,Victoria,HK,22.2855,114.1577,76.32,58,99,20.0,overcast clouds
62,Walvis Bay,NA,-22.9575,14.5053,60.1,73,99,11.74,overcast clouds
63,Codrington,AU,-38.2667,141.9667,53.06,92,100,14.2,moderate rain
64,Ahipara,NZ,-35.1667,173.1667,68.2,74,90,4.61,overcast clouds
65,Tasiilaq,GL,65.6145,-37.6368,35.76,97,100,23.8,light rain
66,Haines Junction,CA,60.7522,-137.5108,22.95,74,99,9.22,overcast clouds
67,Sitka,US,57.0531,-135.33,44.49,76,100,28.77,mist
68,Bunbury,AU,-33.3333,115.6333,52.32,73,71,10.07,broken clouds
69,Lebu,CL,-37.6167,-73.65,51.71,71,0,25.05,clear sky
70,Nizwa,OM,22.9333,57.5333,71.19,59,0,0.2,clear sky
71,Srednekolymsk,RU,67.45,153.6833,-3.68,99,97,5.66,overcast clouds
72,Lima,PE,-12.0432,-77.0282,59.25,77,100,9.22,overcast clouds
73,Qui Nhon,VN,13.7667,109.2333,72.46,86,85,11.43,overcast clouds
74,Eyl,SO,7.9803,49.8164,77.25,82,37,7.92,scattered clouds
75,Hobart,AU,-42.8794,147.3294,64.26,68,20,17.27,light rain
76,Airai,TL,-8.9266,125.4092,62.62,87,100,1.63,overcast clouds
77,Lanja,IN,16.85,73.55,66.81,64,0,5.37,clear sky
78,Lompoc,US,34.6391,-120.4579,80.85,70,0,14.97,clear sky
79,Tateyama,JP,34.9833,139.8667,59.18,65,19,10.49,few clouds
80,Kieta,PG,-6.2167,155.6333,83.35,75,14,3.11,few clouds
81,Santa Cruz,BO,-17.8,-63.1667,86.05,62,40,20.71,scattered clouds
82,Saint-Philippe,RE,-21.3585,55.7679,69.39,81,46,12.21,light rain
83,San Patricio,US,28.017,-97.5169,82.49,33,35,3.87,scattered clouds
84,Bredasdorp,ZA,-34.5322,20.0403,58.57,51,100,6.85,overcast clouds
85,Baiyin,CN,36.5583,104.2081,41.09,72,71,5.06,broken clouds
86,Te Anau,NZ,-45.4167,167.7167,56.64,67,84,2.17,broken clouds
87,Provideniya,RU,64.3833,-173.3,21.31,49,0,11.18,clear sky
88,Thompson,CA,55.7435,-97.8558,41.16,56,75,5.75,broken clouds
89,Nishihara,JP,26.1842,127.7558,74.48,86,100,21.85,light intensity shower rain
90,Dingle,PH,10.9995,122.6711,75.61,93,100,7.29,overcast clouds
91,Curitibanos,BR,-27.2828,-50.5844,63.25,97,100,7.07,overcast clouds
92,Merrill,US,45.1805,-89.6835,57.88,58,0,0.0,clear sky
93,Erenhot,CN,43.6475,111.9767,29.34,51,2,16.93,clear sky
94,Coihaique,CL,-45.5752,-72.0662,53.55,43,20,8.05,few clouds
95,Sao Filipe,CV,14.8961,-24.4956,79.68,73,70,8.34,broken clouds
96,Bethel,US,41.3712,-73.414,56.62,48,67,2.91,broken clouds
97,Winsum,NL,53.33,6.5208,58.96,87,100,7.63,overcast clouds
98,Port Hedland,AU,-20.3167,118.5667,68.05,19,0,10.36,clear sky
99,Ponta Delgada,PT,37.7333,-25.6667,61.52,67,20,16.11,few clouds
100,Iqaluit,CA,63.7506,-68.5145,29.93,92,100,6.91,light snow
101,Ribeira Grande,PT,38.5167,-28.7,61.77,65,98,8.01,overcast clouds
102,Uyovu,TZ,-3.2833,31.5258,66.72,66,100,1.7,overcast clouds
103,Watertown,US,42.3709,-71.1828,58.37,58,0,8.05,clear sky
104,Tocopilla,CL,-22.092,-70.1979,64.04,62,20,4.32,few clouds
105,Tahe,CN,52.3333,124.7333,27.97,99,100,2.21,overcast clouds
106,Ayagoz,KZ,47.9714,80.4392,42.24,80,100,13.11,overcast clouds
107,Batetskiy,RU,58.6461,30.3027,36.25,62,7,14.34,clear sky
108,Torbay,CA,47.6666,-52.7314,51.58,86,75,21.85,broken clouds
109,Yinchuan,CN,38.4681,106.2731,42.31,18,42,4.54,scattered clouds
110,Port Hardy,CA,50.6996,-127.4199,48.38,81,75,3.44,broken clouds
111,Bambous Virieux,MU,-20.3428,57.7575,72.21,83,40,5.75,scattered clouds
112,Mogadishu,SO,2.0371,45.3438,78.75,79,6,8.72,clear sky
113,Kaitangata,NZ,-46.2817,169.8464,59.99,63,82,2.3,broken clouds
114,Houma,US,29.5958,-90.7195,73.4,65,40,8.05,scattered clouds
115,Bengkulu,ID,-3.8004,102.2655,74.03,90,98,4.29,overcast clouds
116,Jaru,BR,-10.4389,-62.4664,82.08,66,75,3.49,light rain
117,Beaverlodge,CA,55.2166,-119.4361,43.95,73,35,15.77,light rain
118,Tuatapere,NZ,-46.1333,167.6833,61.56,51,8,1.07,clear sky
119,Norman Wells,CA,65.282,-126.8329,15.84,86,100,4.61,light snow
120,Wangqing,CN,43.3218,129.7634,35.46,76,100,3.4,overcast clouds
121,Bluff,NZ,-46.6,168.3333,54.88,66,6,3.09,clear sky
122,Sisimiut,GL,66.9395,-53.6735,21.49,82,59,7.29,broken clouds
123,Cayenne,GF,4.9333,-52.3333,78.84,94,100,2.3,overcast clouds
124,Kapaa,US,22.0752,-159.319,84.18,74,40,16.11,scattered clouds
125,Marawi,PH,7.9986,124.2928,69.31,86,96,3.87,overcast clouds
126,Segou,ML,13.4317,-6.2157,79.48,17,26,6.89,scattered clouds
127,Porbandar,IN,21.6422,69.6093,79.5,55,0,8.25,clear sky
128,Neiafu,TO,-18.65,-173.9833,83.08,78,40,9.22,scattered clouds
129,Broken Hill,AU,-31.95,141.4333,72.05,74,39,20.83,scattered clouds
130,Nouakchott,MR,18.0858,-15.9785,80.53,25,58,11.07,broken clouds
131,Tamala,RU,52.541,43.2515,37.4,81,100,12.3,overcast clouds
132,Katherine,AU,-14.4667,132.2667,84.52,54,98,4.61,overcast clouds
133,Polis,CY,35.0367,32.4264,66.02,50,81,6.93,broken clouds
134,Doha,QA,25.2867,51.5333,80.58,74,0,2.3,clear sky
135,Sand Springs,US,36.1398,-96.1089,65.91,60,100,9.22,overcast clouds
136,Mitsamiouli,KM,-11.3847,43.2844,76.24,81,9,10.38,clear sky
137,Alta Floresta,BR,-9.8756,-56.0861,79.29,70,96,6.02,overcast clouds
138,Salalah,OM,17.0151,54.0924,77.09,73,20,4.61,few clouds
139,Altagracia De Orituco,VE,9.8601,-66.3814,73.15,95,98,3.98,overcast clouds
140,Georgetown,MY,5.4112,100.3354,82.24,88,20,5.75,thunderstorm with light rain
141,Perelyub,RU,51.8667,50.3667,47.82,97,100,14.7,overcast clouds
142,Naryan-Mar,RU,67.6713,53.087,34.05,94,100,13.09,overcast clouds
143,Bayji,IQ,34.9311,43.487,70.57,22,52,3.22,broken clouds
144,Sinnamary,GF,5.3833,-52.95,79.63,86,100,8.39,light rain
145,North Platte,US,41.1239,-100.7654,64.11,25,99,8.01,overcast clouds
146,Port Lincoln,AU,-34.7333,135.8667,53.8,78,100,13.06,overcast clouds
147,Namatanai,PG,-3.6667,152.4333,83.97,64,89,5.75,overcast clouds
148,Eirunepe,BR,-6.6603,-69.8736,81.91,73,99,3.36,moderate rain
149,Kupang,ID,-10.1667,123.5833,79.66,81,100,6.26,overcast clouds
150,Viedma,AR,-40.8135,-62.9967,49.57,50,52,19.77,broken clouds
151,Killybegs,IE,54.6333,-8.45,52.63,83,57,16.8,broken clouds
152,Broome,US,42.2506,-75.833,56.17,49,93,1.01,overcast clouds
153,Severnyy,RU,50.677,36.5532,48.24,81,0,11.18,clear sky
154,Yumen,CN,40.2833,97.2,35.74,51,77,6.93,broken clouds
155,Malanje,AO,-9.5402,16.341,63.21,85,86,1.16,overcast clouds
156,Raahe,FI,64.6833,24.4833,28.49,74,55,6.29,broken clouds
157,Novoagansk,RU,61.9449,76.6625,21.94,95,77,8.75,broken clouds
158,Klaksvik,FO,62.2266,-6.589,50.92,90,95,23.38,overcast clouds
159,Avera,US,33.194,-82.5271,62.11,74,94,8.52,overcast clouds
160,Santiago Del Estero,AR,-27.7951,-64.2615,71.28,17,0,25.21,clear sky
161,Gravdal,NO,68.1214,13.5031,44.49,76,75,5.75,broken clouds
162,Dvinskoy,RU,62.1535,45.1175,36.79,98,100,5.08,overcast clouds
163,Rosetta,EG,31.4044,30.4164,69.3,68,0,5.17,clear sky
164,Faya,SA,18.3851,42.4509,59.11,35,98,4.65,overcast clouds
165,Coquimbo,CL,-29.9533,-71.3436,58.73,77,75,10.36,broken clouds
166,Chapais,CA,49.7834,-74.8492,53.38,58,80,9.78,broken clouds
167,Khatanga,RU,71.9667,102.5,8.42,96,97,7.09,overcast clouds
168,Sorong,ID,-0.8833,131.25,79.79,86,71,6.29,broken clouds
169,Palmer,US,42.1584,-72.3287,55.2,46,75,3.44,broken clouds
170,Yen Bai,VN,21.7,104.8667,73.81,82,92,2.1,overcast clouds
171,Esperance,AU,-33.8667,121.9,54.41,66,96,23.49,light rain
172,Japura,ID,-0.3167,102.35,72.91,99,100,2.75,overcast clouds
173,Carasova,RO,45.1986,21.87,48.11,68,82,1.1,broken clouds
174,Quatre Cocos,MU,-20.2078,57.7625,72.09,79,100,14.23,overcast clouds
175,Makakilo City,US,21.3469,-158.0858,86.32,56,0,20.71,clear sky
176,Villa Del Rosario,CO,7.8339,-72.4742,80.98,65,40,6.91,scattered clouds
177,Jining,CN,35.405,116.5814,54.19,62,6,2.68,clear sky
178,Faanui,PF,-16.4833,-151.75,80.24,72,29,13.82,scattered clouds
179,Hofn,IS,64.2539,-15.2082,45.97,96,100,12.77,overcast clouds
180,Port Elizabeth,ZA,-33.918,25.5701,61.11,87,100,10.36,overcast clouds
181,Tiznit,MA,29.5833,-9.5,75.67,14,36,7.02,scattered clouds
182,Skibbereen,IE,51.55,-9.2667,58.1,91,93,21.61,overcast clouds
183,Qaanaaq,GL,77.484,-69.3632,-6.39,76,10,7.67,clear sky
184,Homburg,DE,49.3167,7.3333,60.84,89,0,2.3,clear sky
185,Marzuq,YE,14.4,46.4667,65.48,51,62,2.66,broken clouds
186,Tura,IN,25.5198,90.2201,66.25,90,0,3.85,clear sky
187,Keti Bandar,PK,24.1447,67.4497,79.66,66,0,12.15,clear sky
188,Hastings,GB,50.8552,0.5729,61.52,86,59,13.04,broken clouds
189,Hervey Bay,AU,-25.2986,152.8535,75.92,76,3,10.02,clear sky
190,Manta,EC,-0.95,-80.7333,73.02,77,89,12.68,overcast clouds
191,Atambua,ID,-9.1061,124.8925,75.36,86,100,3.38,overcast clouds
192,Jalu,LY,29.0331,21.5482,64.65,54,0,9.78,clear sky
193,Margate,GB,51.3813,1.3862,60.91,91,52,3.0,broken clouds
194,Corbelia,BR,-24.7989,-53.3067,69.15,90,90,9.91,overcast clouds
195,Ixtapa,MX,20.7,-105.2,84.22,70,20,10.36,few clouds
196,Hobyo,SO,5.3505,48.5268,79.23,74,15,8.39,few clouds
197,Galesong,ID,-5.3166,119.3661,77.02,79,99,10.11,overcast clouds
198,Ziarat,PK,30.3823,67.7282,51.4,28,0,2.37,clear sky
199,Antofagasta,CL,-23.65,-70.4,61.88,68,0,3.69,clear sky
200,Zeya,RU,53.75,127.2667,29.7,97,100,7.02,snow
201,Ponta Do Sol,PT,32.6667,-17.1,73.71,83,90,4.97,overcast clouds
202,Saldanha,ZA,-33.0117,17.9442,57.25,69,0,27.65,clear sky
203,Kachiry,KZ,53.0675,76.1036,25.56,80,98,4.05,overcast clouds
204,Lorengau,PG,-2.0226,147.2712,83.89,67,84,6.62,broken clouds
205,Yellowknife,CA,62.456,-114.3525,24.57,93,100,13.8,light snow
206,Oranjestad,AW,12.524,-70.027,84.15,79,20,8.05,few clouds
207,Torbat-E Jam,IR,35.244,60.6225,49.28,83,19,2.68,few clouds
208,Nakano,JP,36.75,138.3667,47.37,97,0,1.12,clear sky
209,Berlevag,NO,70.8578,29.0864,39.2,65,100,25.32,overcast clouds
210,Salinopolis,BR,-0.6136,-47.3561,80.83,77,55,15.86,broken clouds
211,Leh,IN,34.1667,77.5833,31.64,45,66,2.71,broken clouds
212,Nouadhibou,MR,20.931,-17.0347,78.78,25,96,16.11,dust
213,Hokitika,NZ,-42.7167,170.9667,59.61,82,99,5.19,overcast clouds
214,Mitu,CO,1.1983,-70.1733,79.9,77,95,2.64,light rain
215,Chuy,UY,-33.6971,-53.4616,56.07,92,100,16.11,moderate rain
216,Port Keats,AU,-14.25,129.55,83.64,71,100,7.61,overcast clouds
217,Nantucket,US,41.2835,-70.0995,55.51,89,0,5.75,clear sky
218,Mocuba,MZ,-16.8392,36.9856,72.32,87,0,4.38,clear sky
219,Vilcun,CL,-38.65,-72.2333,54.34,51,6,7.56,clear sky
220,Kapuskasing,CA,49.4169,-82.4331,57.29,58,40,9.22,scattered clouds
221,Paracuru,BR,-3.41,-39.0306,81.1,72,10,11.03,clear sky
222,Takaka,NZ,-40.85,172.8,64.56,60,6,5.39,clear sky
223,Tiksi,RU,71.6872,128.8694,8.87,90,83,8.19,broken clouds
224,Cockburn Town,TC,21.4612,-71.1419,82.36,74,40,10.36,scattered clouds
225,Abu Dhabi,AE,24.4667,54.3667,80.62,74,28,3.44,scattered clouds
226,Biak,ID,-0.9131,122.8766,77.13,78,99,2.73,overcast clouds
227,Bridlington,GB,54.0831,-0.1919,54.01,89,31,5.99,scattered clouds
228,Iskateley,RU,67.6803,53.1512,33.96,94,100,13.06,overcast clouds
229,Slonim,BY,53.0867,25.3219,45.93,95,68,9.19,broken clouds
230,Kavieng,PG,-2.5744,150.7967,83.71,67,33,8.23,scattered clouds
231,Sungaipenuh,ID,-2.0833,101.3833,64.65,96,100,1.41,overcast clouds
232,Nayoro,JP,44.3506,142.4578,45.03,84,71,5.46,broken clouds
233,Sobolevo,RU,54.4299,31.8996,35.53,64,64,15.12,broken clouds
234,Yaan,NG,7.3833,8.5667,78.28,45,84,0.76,broken clouds
235,Kununurra,AU,-15.7667,128.7333,82.38,74,47,0.0,scattered clouds
236,Ippy,CF,6.2679,21.2247,71.96,83,87,2.64,light rain
237,Baherden,TM,38.4362,57.4316,57.02,67,0,7.76,clear sky
238,Cururupu,BR,-1.8283,-44.8683,77.13,82,90,4.29,overcast clouds
239,Mayo,US,38.8876,-76.5119,60.17,81,0,3.44,clear sky
240,Upernavik,GL,72.7868,-56.1549,14.94,66,1,14.07,clear sky
241,Havre-Saint-Pierre,CA,50.2334,-63.5986,43.16,87,0,10.36,clear sky
242,Saint George,US,37.1041,-113.5841,73.44,18,0,4.61,clear sky
243,Bakel,SN,14.905,-12.4568,85.62,20,89,7.54,overcast clouds
244,Ambilobe,MG,-13.2,49.05,71.47,77,39,5.35,scattered clouds
245,Mapiripan,CO,2.8892,-72.1256,78.84,87,96,4.52,overcast clouds
246,Jumla,NP,29.2747,82.1838,43.45,56,0,4.99,clear sky
247,Bathsheba,BB,13.2167,-59.5167,83.01,78,40,12.66,scattered clouds
248,Saint-Ambroise,CA,48.5501,-71.3324,57.02,66,20,4.65,few clouds
249,Labuhan,ID,-6.8844,112.2051,76.51,77,72,10.51,broken clouds
250,Del Rio,US,29.3627,-100.8968,77.02,35,0,8.05,clear sky
251,Barreirinha,BR,-2.7933,-57.07,88.43,44,98,1.92,overcast clouds
252,Mbulu,TZ,-3.85,35.5333,60.13,53,90,10.2,overcast clouds
253,Ostrovnoy,RU,68.0531,39.5131,39.25,72,100,21.74,overcast clouds
254,Mpongwe,ZM,-13.5091,28.155,73.33,54,100,8.08,light rain
255,Talnakh,RU,69.4865,88.3972,22.21,94,100,14.14,light snow
256,Toora-Khem,RU,52.4675,96.11,13.19,85,14,1.86,few clouds
257,Pisco,PE,-13.7,-76.2167,66.25,72,8,5.75,haze
258,Aklavik,CA,68.2191,-135.0107,2.37,92,32,9.1,scattered clouds
259,Ust-Nera,RU,64.5667,143.2,-13.47,99,84,2.71,broken clouds
260,Kamsack,CA,51.5667,-101.9009,52.75,40,70,13.24,broken clouds
261,Kodiak,US,57.79,-152.4072,31.51,51,100,17.27,overcast clouds
262,Sangmelima,CM,2.9333,11.9833,69.28,94,99,2.86,overcast clouds
263,Purpe,RU,64.4803,76.6897,22.69,94,68,15.39,broken clouds
264,Sao Felix Do Xingu,BR,-6.6447,-51.995,81.68,65,76,1.79,broken clouds
265,San Lorenzo,PY,-25.3333,-57.5333,83.59,70,40,2.3,scattered clouds
266,Itarema,BR,-2.9248,-39.9167,79.38,68,2,14.29,clear sky
267,Media Luna,CU,20.1419,-77.435,83.19,75,58,8.97,broken clouds
268,Kungurtug,RU,50.5994,97.5228,6.6,90,21,1.68,few clouds
269,Xintai,CN,35.9006,117.7519,54.57,57,71,0.67,broken clouds
270,Hovd,MN,48.0056,91.6419,24.4,43,98,1.23,overcast clouds
271,Lieksa,FI,63.3167,30.0167,32.56,71,6,16.96,clear sky
272,Isla Mujeres,MX,21.2311,-86.731,84.25,68,0,8.16,clear sky
273,Maldonado,UY,-34.6667,-54.9167,52.99,92,100,19.51,overcast clouds
274,Leningradskiy,RU,69.3833,178.4167,7.5,88,100,13.67,overcast clouds
275,Chany,RU,55.3121,76.7647,24.57,87,86,8.16,overcast clouds
276,Baykit,RU,61.67,96.37,21.51,87,100,3.47,overcast clouds
277,Grindavik,IS,63.8424,-22.4338,42.75,100,100,10.36,overcast clouds
278,Barahona,DO,18.2085,-71.1008,80.42,89,75,11.5,broken clouds
279,Geraldton,AU,-28.7667,114.6,45.01,93,61,5.75,broken clouds
280,Atbasar,KZ,51.8,68.3333,27.55,96,78,6.35,broken clouds
281,Kudahuvadhoo,MV,2.6708,72.8944,80.76,76,16,9.06,few clouds
282,Natal,BR,-5.795,-35.2094,77.65,78,0,6.91,clear sky
283,Staryy Nadym,RU,65.6118,72.6842,23.83,90,95,16.17,overcast clouds
284,Pevek,RU,69.7008,170.3133,6.55,95,100,5.86,overcast clouds
285,Ternate,ID,0.8,127.4,81.23,79,100,4.32,overcast clouds
286,Hermosillo,MX,29.0667,-110.9667,84.24,19,100,5.99,overcast clouds
287,Kahului,US,20.8947,-156.47,86.02,65,40,17.27,scattered clouds
288,Mahabad,IR,36.7631,45.7222,49.59,29,17,7.67,few clouds
289,Dolhesti,RO,46.8667,27.9,52.41,82,96,6.11,overcast clouds
290,Wajir,KE,1.7471,40.0573,76.75,74,71,12.62,light rain
291,Hasaki,JP,35.7333,140.8333,50.22,58,0,11.36,clear sky
292,Bischofswerda,DE,51.1277,14.1797,59.74,64,25,5.75,scattered clouds
293,Inuvik,CA,68.3499,-133.7218,9.36,72,20,10.36,few clouds
294,San Cristobal,VE,7.7669,-72.225,75.38,76,99,0.56,overcast clouds
295,Bonthe,SL,7.5264,-12.505,78.53,84,22,5.66,moderate rain
296,Auka,HN,14.9333,-83.8333,85.89,68,42,7.23,scattered clouds
297,Beringovskiy,RU,63.05,179.3167,16.39,56,6,4.72,clear sky
298,Henties Bay,NA,-22.116,14.2845,60.08,82,80,5.32,broken clouds
299,Gunjur,GM,13.2019,-16.7339,78.87,94,0,0.0,clear sky
300,Leeton,AU,-34.5667,146.4,68.9,86,26,18.21,scattered clouds
301,Poddorye,RU,57.4695,31.1156,35.24,65,10,12.57,clear sky
302,Rathkeale,IE,52.5244,-8.9381,56.64,88,20,14.97,few clouds
303,Muri,IN,23.3667,85.8667,65.21,71,1,3.74,clear sky
304,Kutum,SD,14.2,24.6667,72.16,30,26,9.66,scattered clouds
305,Hailar,CN,49.2,119.7,33.22,96,100,11.9,light snow
306,Clyde River,CA,70.4692,-68.5914,8.83,85,100,2.3,overcast clouds
307,Seymchan,RU,62.8833,152.4333,-15.07,99,30,1.01,scattered clouds
308,Honggang,CN,46.4667,124.8667,45.57,81,99,14.2,overcast clouds
309,Carnarvon,AU,-24.8667,113.6333,59.34,61,0,23.73,clear sky
310,Savannah Bight,HN,16.45,-85.85,82.85,66,58,9.08,broken clouds
311,Beira,MZ,-19.8436,34.8389,76.12,83,0,7.61,clear sky
312,Asfi,MA,32.2994,-9.2372,74.55,35,6,6.06,clear sky
313,Pitimbu,BR,-7.4706,-34.8086,77.59,74,74,11.25,broken clouds
314,Port Maria,JM,18.3685,-76.8895,82.36,93,23,4.21,few clouds
315,Axim,GH,4.8699,-2.2405,77.94,85,19,5.61,light rain
316,Astara,AZ,38.5,48.6667,46.38,76,13,3.18,few clouds
317,Huarmey,PE,-10.0681,-78.1522,64.49,81,29,9.57,scattered clouds
318,Road Town,VG,18.4167,-64.6167,80.64,94,20,14.97,light rain
319,Ostrozac,BA,44.9086,15.9403,57.27,63,29,3.22,scattered clouds
320,Banjarmasin,ID,-3.3244,114.591,75.34,88,100,1.88,overcast clouds
321,Porto Torres,IT,40.835,8.3972,55.58,68,100,5.3,overcast clouds
322,Strezhevoy,RU,60.7333,77.5889,23.18,96,91,7.05,overcast clouds
323,Bail Hongal,IN,15.8167,74.8667,64.54,67,6,6.87,clear sky
324,Los Llanos De Aridane,ES,28.6585,-17.9182,69.55,44,75,8.99,broken clouds
325,Luderitz,NA,-26.6481,15.1594,61.93,66,76,18.7,broken clouds
326,Ouesso,CG,1.6136,16.0517,71.49,91,93,1.19,overcast clouds
327,Morros,BR,-9.4467,-46.3003,87.87,34,97,0.94,overcast clouds
328,Caravelas,BR,-17.7125,-39.2481,76.32,83,91,10.58,overcast clouds
329,Tangier,MA,35.7806,-5.8137,69.15,83,83,11.5,broken clouds
330,Aripuana,BR,-9.1667,-60.6333,78.4,76,97,2.33,overcast clouds
331,Port Blair,IN,11.6667,92.75,78.84,94,40,2.3,mist
332,Souillac,MU,-20.5167,57.5167,71.98,83,40,5.75,scattered clouds
333,Pokhara,NP,28.2333,83.9833,61.48,58,1,5.7,clear sky
334,Chernyshevskiy,RU,63.0128,112.4714,9.45,98,96,2.1,overcast clouds
335,Opuwo,NA,-18.0607,13.84,73.33,36,65,2.8,broken clouds
336,Vardo,NO,70.3705,31.1107,37.38,75,100,16.11,overcast clouds
337,Portland,US,45.5234,-122.6762,58.93,81,100,8.01,overcast clouds
338,Obo,CF,5.3998,26.4869,68.34,95,100,1.54,light rain
339,Yazykovo,RU,55.2199,56.1353,33.94,99,100,20.09,snow
340,Shache,CN,38.4167,77.2406,47.97,35,54,3.89,broken clouds
341,Toribio,CO,2.9548,-76.2684,60.58,89,33,1.9,scattered clouds
342,Mudgee,AU,-32.5943,149.5871,59.56,98,59,5.5,broken clouds
343,San Jose,US,37.3394,-121.895,79.92,48,0,10.36,clear sky
344,Tianpeng,CN,30.9866,103.9393,62.73,85,98,2.66,overcast clouds
345,San Quintin,MX,30.4833,-115.95,69.93,65,58,9.01,broken clouds
346,Hithadhoo,MV,-0.6,73.0833,80.28,80,98,15.43,moderate rain
347,Oga,IT,46.4631,10.347,53.02,69,97,3.11,overcast clouds
348,Iquique,CL,-20.2208,-70.1431,62.64,73,9,3.83,clear sky
349,Sherman,US,33.6357,-96.6089,71.08,56,0,9.22,clear sky
350,Santiago De Cao,PE,-7.9589,-79.2392,62.73,82,20,12.66,fog
351,Ambovombe,MG,-25.1667,46.0833,70.93,74,18,7.31,few clouds
352,Hope,US,33.6671,-93.5916,66.25,81,94,5.68,overcast clouds
353,Sioux Lookout,CA,50.1001,-91.917,48.27,34,20,4.61,few clouds
354,La Seyne-Sur-Mer,FR,43.0982,5.8847,69.89,85,100,7.4,overcast clouds
355,Kurilsk,RU,45.2333,147.8833,45.34,78,26,12.82,scattered clouds
356,Tarakan,ID,3.3,117.6333,81.9,78,20,5.75,few clouds
357,Constitucion,CL,-35.3333,-72.4167,58.42,48,0,20.92,clear sky
358,Mangrol,IN,21.1167,70.1167,78.53,61,0,3.42,clear sky
359,Lavrentiya,RU,65.5833,-171.0,16.68,68,100,11.1,overcast clouds
360,Marabba,SD,12.35,32.1833,88.02,39,97,2.66,overcast clouds
361,Freetown,SL,8.484,-13.2299,79.74,78,26,4.03,light rain
362,Taltal,CL,-25.4,-70.4833,60.26,72,19,2.75,few clouds
363,Kosh-Agach,RU,50.0,88.6667,24.75,40,100,2.04,overcast clouds
364,Chumikan,RU,54.7183,135.315,31.3,73,100,1.16,overcast clouds
365,Puerto Madryn,AR,-42.7692,-65.0385,50.95,37,6,12.84,clear sky
366,Newport,GB,51.5877,-2.9984,57.51,87,56,13.27,broken clouds
367,Zavodoukovsk,RU,56.5042,66.5515,24.89,85,45,9.51,scattered clouds
368,Maneadero,MX,31.7167,-116.5667,70.11,78,1,3.0,clear sky
369,Rio Gallegos,AR,-51.6226,-69.2181,51.85,30,40,33.38,scattered clouds
370,Severo-Kurilsk,RU,50.6789,156.125,38.7,65,13,19.22,few clouds
371,Alamogordo,US,32.8995,-105.9603,68.56,28,0,3.44,clear sky
372,Kalmunai,LK,7.4167,81.8167,76.95,88,99,8.39,overcast clouds
373,Beloha,MG,-25.1667,45.05,74.44,57,1,9.95,clear sky
374,Samarai,PG,-10.6167,150.6667,83.44,70,10,11.36,clear sky
375,Sindor,RU,62.8629,51.8905,32.76,94,100,7.87,overcast clouds
376,Harper,LR,4.375,-7.7169,77.5,88,62,8.5,light rain
377,Vanimo,PG,-2.6741,141.3028,83.61,73,42,5.86,scattered clouds
378,Guerrero Negro,MX,27.9769,-114.0611,71.92,60,4,11.45,clear sky
379,Port-Gentil,GA,-0.7193,8.7815,80.56,89,40,9.22,scattered clouds
380,Kampene,CD,-3.6,26.6667,68.52,100,100,1.79,overcast clouds
381,Mullingar,IE,53.5333,-7.35,53.67,92,33,12.8,scattered clouds
382,Bystryy Istok,RU,52.371,84.3873,30.33,88,100,3.8,overcast clouds
383,Gushi,CN,34.6425,109.5843,57.51,73,95,4.03,overcast clouds
384,Ardakan,IR,32.31,54.0175,64.9,38,45,3.96,scattered clouds
385,Cidreira,BR,-30.1811,-50.2056,69.46,97,100,3.56,light rain
386,Saint Anthony,US,45.0205,-93.218,64.9,46,0,4.61,clear sky
387,Vila Franca Do Campo,PT,37.7167,-25.4333,61.21,68,82,14.56,broken clouds
388,Bhayavadar,IN,21.85,70.25,74.43,52,0,0.36,clear sky
389,Prince Rupert,CA,54.3161,-130.3201,46.09,78,100,23.02,overcast clouds
390,Loukhi,RU,66.0764,33.0381,29.89,84,12,10.58,few clouds
391,Kapit,MY,2.0167,112.9333,73.65,98,100,0.89,light rain
392,Saint-Pierre,RE,-21.3393,55.4781,73.9,73,0,4.61,clear sky
393,Mecca,SA,21.4267,39.8261,80.76,67,63,4.68,broken clouds
394,Genhe,CN,50.7833,121.5167,30.13,98,100,2.26,snow
395,Sidi Ali,DZ,36.0998,0.4206,67.77,62,100,4.0,overcast clouds
396,Katobu,ID,-4.9408,122.5276,77.49,88,100,1.54,light rain
397,Awbari,LY,26.5921,12.7805,63.81,41,6,1.9,clear sky
398,Ust-Ilimsk,RU,58.0006,102.6619,17.73,90,80,3.56,broken clouds
399,Toyooka,JP,35.5333,134.8333,58.57,64,78,3.58,broken clouds
400,Kudat,MY,6.8837,116.8477,77.29,94,40,0.0,scattered clouds
401,Vicksburg,US,32.3526,-90.8779,66.43,75,100,0.0,overcast clouds
402,Rocha,UY,-34.4833,-54.3333,51.69,91,100,19.8,overcast clouds
403,Puerto Baquerizo Moreno,EC,-0.9,-89.6,67.28,83,84,13.78,broken clouds
404,Ashdod,IL,31.8167,34.65,71.89,86,2,4.92,clear sky
405,Nassau,US,40.7507,-73.5829,59.68,70,0,6.91,clear sky
406,Tanout,NE,14.9709,8.8879,75.06,18,0,12.12,clear sky
407,Severodvinsk,RU,64.5635,39.8302,41.11,97,100,20.31,light rain
408,Humaita,BR,-7.5061,-63.0208,79.61,71,73,2.55,broken clouds
409,Chifeng,CN,42.2683,118.9636,41.27,27,11,14.25,few clouds
410,Fairbanks,US,64.8378,-147.7164,13.23,79,100,0.0,light snow
411,Half Moon Bay,US,37.4636,-122.4286,79.41,80,100,18.41,mist
412,Boende,CD,-0.2167,20.8667,70.18,96,96,1.32,overcast clouds
413,Acapulco,MX,16.8634,-99.8901,84.02,79,40,4.61,light rain
414,Paamiut,GL,61.994,-49.6678,26.56,59,95,8.95,overcast clouds
415,Ylivieska,FI,64.0833,24.55,30.88,90,25,3.04,scattered clouds
416,Massakory,TD,12.996,15.7293,82.78,17,89,13.78,overcast clouds
417,Westport,US,41.1415,-73.3579,57.88,55,0,1.01,clear sky
418,Cobija,BO,-11.0267,-68.7692,87.98,66,75,6.91,broken clouds
419,Kurgunta,IN,17.2,77.35,63.23,72,72,5.53,broken clouds
420,Canaries,ES,28.0,-15.5,66.16,83,0,16.11,clear sky
421,Zhaoyuan,CN,37.3592,120.3964,51.66,84,22,3.74,few clouds
422,Ajra,IN,16.1167,74.2,62.13,70,6,6.08,clear sky
423,Yerbogachen,RU,61.2767,108.0108,17.6,94,100,5.59,overcast clouds
424,Menongue,AO,-14.6585,17.691,62.06,92,100,2.04,overcast clouds
425,Sola,VU,-13.8833,167.55,86.67,66,2,0.0,clear sky
426,Celestun,MX,20.8667,-90.4,80.53,71,23,13.13,few clouds
427,Immokalee,US,26.4187,-81.4173,85.95,62,0,8.59,clear sky
428,Muriwai Beach,NZ,-36.8167,174.45,69.19,78,83,3.42,broken clouds
429,Monte Alegre,BR,-2.0078,-54.0692,86.2,54,99,5.14,overcast clouds
430,Shingu,JP,33.7333,135.9833,59.76,64,0,4.72,clear sky
431,Bayir,TR,37.2687,28.2167,46.92,36,0,2.55,clear sky
432,Ulaanbaatar,MN,47.9077,106.8832,14.13,85,40,4.47,scattered clouds
433,Saint-Joseph,RE,-21.3667,55.6167,70.18,83,40,9.71,light rain
434,Saint-Leu,RE,-21.15,55.2833,73.31,77,51,2.64,light rain
435,Bani,DO,18.2833,-70.3333,78.85,80,94,9.93,overcast clouds
436,Morondava,MG,-20.2833,44.2833,78.33,78,10,7.87,light rain
437,Nome,US,64.5011,-165.4064,26.67,81,100,10.36,light snow
438,Zyryanka,RU,65.75,150.85,-10.3,100,82,6.44,broken clouds
439,Ha Tinh,VN,18.3333,105.9,70.43,88,86,5.97,overcast clouds
440,Kruisfontein,ZA,-34.0033,24.7314,58.89,63,99,11.9,overcast clouds
441,Farah,AF,32.5,62.5,59.7,41,47,2.28,scattered clouds
442,Pudozh,RU,61.8099,36.5345,34.63,96,100,9.31,light snow
443,Cuddapah,IN,14.4667,78.8167,70.54,85,75,0.98,broken clouds
444,Vila Velha,BR,-20.3297,-40.2925,78.75,87,40,17.27,scattered clouds
445,Terney,RU,45.0503,136.6092,41.36,66,3,2.46,clear sky
446,Ancud,CL,-41.8697,-73.8203,49.35,67,48,3.94,scattered clouds
447,Usinsk,RU,65.9939,57.5281,24.48,91,31,7.63,scattered clouds
448,Kankaanpaa,FI,61.8,22.4167,29.16,91,15,2.46,few clouds
449,Vao,NC,-22.6667,167.4833,73.53,78,23,9.95,few clouds
450,Sakakah,SA,29.9697,40.2064,69.37,32,34,5.75,scattered clouds
451,Sibay,RU,52.7181,58.6658,32.79,97,100,18.01,light snow
452,Bima,ID,-8.4667,118.7167,79.39,80,100,4.16,overcast clouds
453,Qaqortoq,GL,60.7167,-46.0333,16.09,74,98,7.18,overcast clouds
454,Alofi,NU,-19.0595,-169.9187,80.49,78,26,16.11,scattered clouds
455,Puerto Narino,CO,-3.7703,-70.3831,81.12,76,92,3.0,overcast clouds
456,Avallon,FR,47.4833,3.9,57.13,80,100,1.88,overcast clouds
457,Akot,IN,21.0964,77.0586,66.36,63,0,5.82,clear sky
458,Padang,ID,-0.9492,100.3543,75.56,92,100,4.7,moderate rain
459,Vanderhoof,CA,54.0166,-124.0198,44.8,37,35,14.58,scattered clouds
460,Arman,RU,59.7,150.1667,5.02,65,9,8.3,clear sky
461,Eenhana,NA,-17.4667,16.3333,74.43,50,92,4.47,light rain
462,Turukhansk,RU,65.8167,87.9833,24.94,96,100,14.54,snow
463,Aykhal,RU,66.0,111.5,-7.08,100,100,4.18,overcast clouds
464,Dillingen,DE,49.35,6.7333,57.54,73,100,0.4,overcast clouds
465,Socorro,US,31.6546,-106.3033,74.41,22,75,3.44,broken clouds
466,Tazovskiy,RU,67.4667,78.7,27.03,93,100,16.11,overcast clouds
467,Yulara,AU,-25.2406,130.9889,61.38,47,5,20.65,clear sky
468,Mandalgovi,MN,45.7625,106.2708,19.06,71,6,7.43,clear sky
469,Fortuna,US,40.5982,-124.1573,61.93,76,75,10.36,broken clouds
470,Ust-Kuyga,RU,70.0167,135.6,-14.76,99,73,7.27,broken clouds
471,Thunder Bay,CA,48.4001,-89.3168,58.98,29,75,6.91,broken clouds
472,Qasigiannguit,GL,68.8193,-51.1922,19.65,76,61,5.26,broken clouds
473,Sai Buri,TH,6.7013,101.6168,76.71,90,100,5.59,overcast clouds
474,Liverpool,GB,53.4106,-2.9779,54.52,89,0,6.91,clear sky
475,Yeppoon,AU,-23.1333,150.7333,78.58,60,0,10.63,clear sky
476,Saint-Francois,FR,46.4154,3.9054,51.24,93,0,1.14,clear sky
477,Freeport,US,40.6576,-73.5832,59.99,69,0,6.91,clear sky
478,Bonfim,BR,3.0833,-59.95,80.31,78,86,5.41,overcast clouds
479,Birao,CF,10.2849,22.7882,78.93,35,45,4.43,scattered clouds
480,Kahta,TR,37.7855,38.6237,61.97,27,31,3.18,scattered clouds
481,Nhulunbuy,AU,-12.2333,136.7667,84.81,74,84,8.05,broken clouds
482,Tautira,PF,-17.7333,-149.15,78.55,78,40,9.4,light rain
483,Simdega,IN,22.6167,84.5167,61.36,76,3,4.45,clear sky
484,Diego De Almagro,CL,-26.3667,-70.05,66.31,31,0,6.73,clear sky
485,Goderich,CA,43.7501,-81.7165,52.92,82,91,2.3,overcast clouds
486,Farmington,US,36.7281,-108.2187,60.21,24,0,13.8,clear sky
487,Ayan,RU,56.45,138.1667,32.52,60,100,7.92,overcast clouds
488,Laguna,US,38.421,-121.4238,79.32,32,0,4.61,clear sky
489,Biltine,TD,14.5333,20.9167,81.23,23,87,9.75,overcast clouds
490,Isangel,VU,-19.55,169.2667,84.31,79,20,3.44,few clouds
491,El Playon,CO,7.4713,-73.2031,77.27,89,91,3.18,overcast clouds
492,Husavik,IS,66.0449,-17.3389,40.98,94,99,8.08,overcast clouds
493,Dali,CN,25.7,100.1833,49.62,77,0,3.4,clear sky
494,Nemuro,JP,43.3236,145.575,50.97,70,90,15.12,overcast clouds
495,Negombo,LK,7.2083,79.8358,75.25,94,20,4.61,few clouds
496,The Valley,AI,18.217,-63.0578,81.1,89,40,6.91,scattered clouds
497,Shihezi,CN,44.3,86.0333,38.55,48,93,1.74,overcast clouds
498,Traralgon,AU,-38.1833,146.5333,74.28,45,7,12.26,clear sky
499,Egvekinot,RU,66.3167,-179.1667,3.97,68,28,5.59,scattered clouds
500,Kilindoni,TZ,-7.9139,39.6668,76.86,82,49,13.06,scattered clouds
501,Santa Isabel,BR,-23.3156,-46.2214,79.56,84,76,4.12,broken clouds
502,Mirnyy,RU,62.5353,113.9611,17.24,85,92,1.99,overcast clouds
503,Burkburnett,US,34.0979,-98.5706,74.88,36,0,8.05,clear sky
504,Ariquemes,BR,-9.9133,-63.0408,77.76,76,89,2.35,moderate rain
505,Karratha,AU,-20.7377,116.8463,68.85,23,0,20.87,clear sky
506,Nyurba,RU,63.2842,118.3319,16.36,98,100,2.62,overcast clouds
507,Camacha,PT,33.0833,-16.3333,67.42,88,20,6.91,few clouds
508,Santa Catalina,PH,9.3337,122.8637,81.72,83,100,5.93,overcast clouds
509,Kenora,CA,49.8167,-94.4337,50.97,37,0,5.75,clear sky
510,Safaga,EG,26.7292,33.9365,76.66,49,44,9.04,scattered clouds
511,Kampot,KH,10.6167,104.1833,75.25,83,93,2.75,overcast clouds
512,Santa Marta,CO,11.2408,-74.199,87.85,62,40,14.97,scattered clouds
513,Noumea,NC,-22.2763,166.4572,84.18,99,10,8.43,clear sky
514,Alyangula,AU,-13.8483,136.4192,85.14,68,56,10.38,broken clouds
515,Luebo,CD,-5.35,21.4167,68.5,96,86,2.8,overcast clouds
516,Dicabisagan,PH,17.0818,122.4157,80.17,90,100,19.55,overcast clouds
517,Nova Olimpia,BR,-14.7972,-57.2881,81.75,63,65,5.21,broken clouds
518,Moussoro,TD,13.6408,16.4901,83.48,16,97,16.04,overcast clouds
519,Touros,BR,-5.1989,-35.4608,77.54,78,12,12.86,few clouds
520,Karema,TZ,-6.8205,30.4389,75.07,54,62,1.74,broken clouds
521,Altay,CN,47.8667,88.1167,36.39,29,100,3.31,overcast clouds
522,Raciborz,PL,50.0919,18.2193,57.72,95,17,5.08,few clouds
523,Ocosingo,MX,17.0667,-92.25,68.14,84,49,3.09,light rain
524,Raudeberg,NO,61.9875,5.1352,56.86,65,100,15.9,overcast clouds
525,Skjervoy,NO,70.0311,20.9714,33.8,77,100,23.44,overcast clouds
526,Kauhajoki,FI,62.4333,22.1833,30.18,91,20,3.18,few clouds
527,Yenagoa,NG,4.9247,6.2642,75.88,93,28,3.58,scattered clouds
528,Kavaratti,IN,10.5669,72.642,81.43,70,64,1.01,broken clouds
529,Ugoofaaru,MV,5.6667,73.0,80.42,72,55,8.48,broken clouds
530,Reinosa,ES,42.9996,-4.138,46.45,95,29,6.49,scattered clouds
531,Rafaela,AR,-31.2503,-61.4867,60.01,34,100,8.01,overcast clouds
532,Deep River,CA,46.1001,-77.4995,49.71,64,87,3.76,overcast clouds
533,Bairiki,KI,1.3292,172.9752,84.2,70,20,6.91,few clouds
534,Muroto,JP,33.2833,134.15,62.19,61,0,14.12,clear sky
535,Swift Current,CA,50.2834,-107.8014,52.61,50,0,16.11,clear sky
536,Ballina,AU,-28.8667,153.5667,75.78,66,51,10.09,broken clouds
537,Rio Grande,BR,-32.035,-52.0986,69.91,87,100,25.7,moderate rain
538,Valparaiso,CL,-33.0393,-71.6273,62.24,54,0,18.41,clear sky
539,Minot,US,48.2325,-101.2963,62.82,25,0,13.8,clear sky
540,Sao Joao Da Barra,BR,-21.6403,-41.0511,78.89,88,93,28.32,overcast clouds
541,Carutapera,BR,-1.195,-46.02,79.02,78,72,9.62,broken clouds
542,Dalhousie,IN,32.5333,75.9833,47.01,34,0,7.58,clear sky
543,Canelli,IT,44.7215,8.2924,65.91,75,66,3.69,broken clouds
544,Houston,US,29.7633,-95.3633,76.33,57,40,8.05,scattered clouds
545,Meulaboh,ID,4.1363,96.1285,74.3,95,100,4.9,heavy intensity rain
546,Tambun,ID,-6.2641,107.0712,81.48,74,100,3.56,overcast clouds
547,Puerto Plata,DO,19.7934,-70.6884,84.04,74,75,9.22,broken clouds
548,Teguldet,RU,57.3064,88.1667,23.2,73,70,6.71,broken clouds
549,Richards Bay,ZA,-28.783,32.0377,70.14,92,100,14.81,moderate rain
550,Teguise,ES,29.0605,-13.564,70.02,78,0,0.0,clear sky
551,Healdsburg,US,38.6105,-122.8692,84.11,44,0,10.36,clear sky
552,Seddon,AU,-37.8068,144.8916,71.56,60,40,24.16,scattered clouds
553,Itoman,JP,26.1247,127.6694,75.22,86,75,21.85,shower rain
554,Odesskoye,RU,54.2111,72.9651,17.29,93,53,0.81,broken clouds
555,Misratah,LY,32.3754,15.0925,70.95,56,5,8.61,clear sky
556,Sabzevar,IR,36.2126,57.6819,51.08,76,0,6.91,clear sky
557,Jiujiang,CN,29.7333,115.9833,58.93,72,0,3.49,clear sky
558,Kondinskoye,RU,59.6481,67.41,25.88,68,79,12.75,broken clouds
559,Khorramshahr,IR,30.4397,48.1664,75.16,35,0,4.61,clear sky
560,Bhola,BD,22.6833,90.65,74.37,81,0,6.8,clear sky
561,Shancheng,CN,34.7953,116.0817,55.33,58,21,1.34,few clouds
562,Carolina,PR,18.3808,-65.9574,78.69,93,75,6.91,moderate rain
563,Hami,CN,42.8,93.45,40.89,27,46,2.1,scattered clouds
564,Kanniyakumari,IN,8.0833,77.5667,78.31,82,100,9.24,overcast clouds
565,Brae,GB,60.3964,-1.353,53.51,88,85,13.06,light rain
566,Miri,MY,4.4148,114.0089,77.14,94,40,1.14,moderate rain
567,Belmonte,BR,-15.8631,-38.8828,75.88,85,23,9.28,few clouds
568,Wagga Wagga,AU,-35.1167,147.3667,69.85,95,87,13.31,overcast clouds
569,Linxia,CN,35.6003,103.2064,38.95,70,6,1.79,clear sky
570,Morehead,US,37.2711,-87.1764,64.15,93,100,4.61,light intensity drizzle
571,Buraydah,SA,26.326,43.975,68.45,14,35,10.38,scattered clouds
572,Santa Cruz De Tenerife,ES,28.4682,-16.2546,74.8,49,0,10.36,clear sky
573,Bull Savanna,JM,17.8868,-77.5902,78.48,76,36,1.72,scattered clouds
574,Oriximina,BR,-1.7656,-55.8661,84.29,52,100,3.24,overcast clouds
575,Missungwi,TZ,-2.85,33.0833,70.3,78,89,4.83,overcast clouds
576,Miahuatlan,MX,18.5667,-97.4333,67.71,58,17,10.58,few clouds
577,Pitmoaga,BF,12.2397,-1.8767,78.42,25,0,6.22,clear sky
578,Zapolyarnyy,RU,69.4154,30.8136,31.28,91,20,8.03,few clouds
579,Tacuarembo,UY,-31.7333,-55.9833,53.1,94,100,16.53,overcast clouds
580,Matara,LK,5.9485,80.5353,75.99,90,98,3.33,overcast clouds
581,Platanos,GR,37.6667,21.6167,59.09,46,0,4.94,clear sky
582,Gizo,SB,-8.103,156.8419,83.73,73,2,3.98,clear sky
583,Buenos Aires,AR,-34.6132,-58.3772,55.98,62,40,10.36,scattered clouds
584,Kushima,JP,31.4583,131.2333,62.94,72,68,8.19,broken clouds
585,Vostok,RU,46.4856,135.8833,33.26,55,57,3.02,broken clouds
586,Pangkalanbuun,ID,-2.6833,111.6167,75.4,96,100,1.03,overcast clouds
587,Tayshet,RU,55.9342,98.0044,19.72,76,3,2.57,clear sky
588,Agadez,NE,19.75,10.25,67.26,26,0,11.05,clear sky
589,Tuim,RU,54.3417,89.9261,19.71,77,90,3.44,overcast clouds
590,Veraval,IN,20.9,70.3667,78.3,55,0,5.84,clear sky
591,Duki,PK,30.1541,68.5728,65.68,34,0,4.9,clear sky
592,Carberry,CA,49.8689,-99.3602,53.83,41,95,12.21,overcast clouds
593,Hidalgo,MX,20.5,-99.0,68.59,67,3,10.8,clear sky
594,Udayagiri,IN,20.1333,84.3833,59.38,63,84,3.13,broken clouds
595,Merritt,CA,50.1123,-120.7942,48.16,76,100,7.0,overcast clouds
596,Itainopolis,BR,-7.4469,-41.4783,90.95,33,77,6.42,broken clouds
597,Wanning,CN,18.8003,110.3967,71.64,79,88,15.19,overcast clouds
598,Nichinan,JP,31.6,131.3667,51.48,70,68,10.49,broken clouds
599,Pringsewu,ID,-5.3582,104.9744,72.45,89,100,4.59,overcast clouds
600,Tatawin,TN,32.9297,10.4518,62.47,79,0,4.81,clear sky
601,Gat,IL,31.61,34.7642,70.48,100,4,3.06,clear sky
602,Dunedin,NZ,-45.8742,170.5036,56.8,82,100,4.0,overcast clouds
603,Amapa,BR,1.0,-52.0,75.99,79,100,2.86,heavy intensity rain
604,Anadyr,RU,64.75,177.4833,1.9,84,0,6.71,clear sky
605,Sagar,IN,23.8333,78.7167,62.64,53,0,1.7,clear sky
606,Kirakira,SB,-10.4544,161.9205,85.62,65,10,3.69,clear sky
607,Port Augusta,AU,-32.5,137.7667,63.97,61,91,14.29,overcast clouds
608,Sept-Iles,CA,50.2001,-66.3821,55.4,69,75,9.22,broken clouds
609,Mozarlandia,BR,-14.7447,-50.5706,82.4,54,53,5.93,broken clouds
610,Paoua,CF,7.2427,16.4406,71.83,67,60,1.68,broken clouds
611,Ullapool,GB,57.8987,-5.1604,52.36,86,92,7.54,overcast clouds
612,Chalus,IR,36.655,51.4204,54.86,94,0,2.3,clear sky
613,Oeiras Do Para,BR,-2.0031,-49.8544,79.95,76,96,5.26,overcast clouds
614,Taebla,EE,58.9547,23.7419,43.99,77,16,6.06,few clouds
615,Tutoia,BR,-2.7619,-42.2744,80.98,69,9,18.32,clear sky
616,Groton,US,41.3501,-72.0784,56.08,70,0,3.44,clear sky
617,Taoudenni,ML,22.6783,-3.9836,82.29,11,100,9.42,overcast clouds
618,Vilhena,BR,-12.7406,-60.1458,79.02,83,40,6.91,light rain
619,Sonipat,IN,28.9833,77.0167,66.2,47,0,2.24,clear sky
620,Bulgan,MN,48.8125,103.5347,16.12,76,0,2.3,clear sky
621,Wuwei,CN,37.9281,102.6414,40.05,66,6,3.11,clear sky
622,Andenes,NO,69.3143,16.1194,40.98,93,75,11.5,broken clouds
623,Samfya,ZM,-11.3649,29.5565,78.44,42,92,7.16,overcast clouds
624,Oltedal,NO,58.831,6.0466,55.58,94,98,7.02,light rain
625,Pangnirtung,CA,66.1451,-65.7125,15.82,84,80,6.35,broken clouds
626,Khani,GE,41.9563,42.9566,35.17,66,77,3.8,broken clouds
627,Sharanga,RU,57.1775,46.5396,32.52,95,82,6.31,light snow
628,Bundaberg,AU,-24.85,152.35,80.22,76,40,14.97,scattered clouds
629,Korhogo,CI,9.45,-5.6333,73.89,44,1,1.77,clear sky
630,Plouzane,FR,48.3833,-4.6167,59.05,94,75,13.8,broken clouds
631,Maun,BW,-19.9833,23.4167,67.96,100,40,10.36,thunderstorm
632,Union,US,40.6334,-74.2663,59.92,54,0,3.44,clear sky
633,Synya,RU,65.3718,58.0387,16.93,96,43,2.51,scattered clouds
634,Muros,ES,42.7762,-9.0603,55.09,93,100,8.63,overcast clouds
635,Tongliao,CN,43.6125,122.2653,44.69,60,75,8.5,broken clouds
636,Rawlins,US,41.7911,-107.2387,52.36,28,0,17.27,clear sky
637,Komatipoort,ZA,-25.4332,31.9548,70.05,70,62,1.39,broken clouds
638,Cap Malheureux,MU,-19.9842,57.6142,72.46,72,100,7.0,overcast clouds
639,Ler,SS,8.3018,30.1418,76.23,74,77,3.69,broken clouds
640,Aasiaat,GL,68.7098,-52.8699,11.7,90,79,5.91,broken clouds
641,Elko,US,41.0002,-115.5012,57.63,26,35,4.0,scattered clouds
642,Cravo Norte,CO,6.3017,-70.2041,77.95,80,68,6.33,broken clouds
643,Boshnyakovo,RU,49.6333,142.1667,37.29,68,13,5.97,few clouds
644,Libertador General San Martin,AR,-23.8064,-64.7876,77.23,59,34,7.99,scattered clouds
645,Eureka,US,40.8021,-124.1637,62.2,83,74,7.0,broken clouds
646,Adrar,MR,20.5022,-10.0711,77.45,13,83,9.35,broken clouds
647,Thinadhoo,MV,0.5333,72.9333,80.71,77,48,14.23,scattered clouds
648,Svetlogorsk,BY,52.6333,29.7333,44.42,72,85,13.13,overcast clouds
649,Port Moresby,PG,-9.4431,147.1797,87.22,66,0,4.61,haze
650,Husum,DE,54.4858,9.0524,53.15,94,100,4.68,overcast clouds
651,Mizdah,LY,31.4451,12.9801,60.51,83,49,6.58,scattered clouds
652,Moron,AR,-34.6534,-58.6198,55.98,63,85,10.42,overcast clouds
653,Fuerte Olimpo,PY,-21.0415,-57.8738,92.52,38,32,13.78,scattered clouds
654,Oltu,TR,40.5498,42.0013,45.18,46,0,3.94,clear sky
655,Garowe,SO,8.4054,48.4845,73.09,69,10,10.45,clear sky
656,Sterling,US,39.0062,-77.4286,58.98,69,75,5.99,broken clouds
657,Maamba,ZM,-17.3667,27.15,77.63,39,57,2.8,broken clouds
658,Palaikastron,GR,35.2,26.25,63.9,72,3,14.58,clear sky
659,Carlos Chagas,BR,-17.7031,-40.7664,78.17,73,75,14.45,broken clouds
660,Komsomolskiy,UZ,40.4272,71.7189,52.52,87,75,0.0,shower rain
661,Burns Lake,CA,54.2331,-125.7533,40.42,63,33,11.43,scattered clouds
662,Acari,PE,-15.4311,-74.6158,67.64,68,2,5.88,clear sky
663,Kamenka,RU,51.3223,42.7678,43.77,78,100,17.69,light rain
664,Dubbo,AU,-32.25,148.6167,66.33,88,75,11.5,light rain
665,Boguchany,RU,58.3814,97.4531,19.87,85,48,3.15,scattered clouds
666,Ostrovskoye,RU,57.8057,42.2433,31.35,94,90,7.34,light snow
667,Daru,PG,-9.0763,143.2092,85.37,67,43,8.08,scattered clouds
668,Koulamoutou,GA,-1.1303,12.4736,70.11,100,68,1.12,moderate rain
669,Lerwick,GB,60.1545,-1.1494,53.82,88,86,18.01,light rain
670,San Jeronimito,MX,17.55,-101.3333,82.38,74,15,6.29,few clouds
671,Karoi,ZW,-16.8099,29.6925,72.84,52,32,7.94,scattered clouds
672,Shumskiy,RU,54.8318,99.1328,20.08,78,7,2.13,clear sky
673,Kushmurun,KZ,52.4503,64.6311,18.45,86,33,9.08,scattered clouds
674,Diffa,NE,13.3154,12.6113,79.61,22,67,9.08,broken clouds
675,Brainerd,US,46.358,-94.2008,62.1,33,0,4.61,clear sky
676,Vestmannaeyjar,IS,63.4427,-20.2734,45.39,95,100,12.1,overcast clouds
677,Mehamn,NO,71.0357,27.8492,40.91,65,75,14.97,broken clouds
678,Ola,RU,59.5833,151.2833,8.15,71,4,9.37,clear sky
679,Yarensk,RU,62.1675,49.0916,34.36,97,100,7.81,light snow
